{
  "minkowski": {
    "metric_inverse": {
      "gravica": 0.00011527101742103696,
      "einsteinpy": 5.707601667381823e-05,
      "speedup": 0.4951462904620972
    },
    "christoffel": {
      "gravica": 0.0001772379910107702,
      "einsteinpy": 0.006185026984894648,
      "speedup": 34.89673376245166
    },
    "riemann": {
      "gravica": 0.0004088360001333058,
      "einsteinpy": 0.03690631900099106,
      "speedup": 90.27169571406951
    },
    "ricci": {
      "gravica": 1.7050973838195205e-05,
      "einsteinpy": 0.0011018050136044621,
      "speedup": 64.61830415435585
    },
    "ricci_scalar": {
      "gravica": 4.689994966611266e-06,
      "einsteinpy": 0.0020050829916726798,
      "speedup": 427.52348476856537
    },
    "einstein": {
      "gravica": 3.144200309179723e-05,
      "einsteinpy": 0.04441444398253225,
      "speedup": 1412.5831567683847
    },
    "weyl": {
      "gravica": 0.0025414009869564325,
      "einsteinpy": null,
      "speedup": null
    }
  },
  "schwarzschild": {
    "metric_inverse": {
      "gravica": 0.00025541000650264323,
      "einsteinpy": 0.00011083998833782971,
      "speedup": 0.433968856019283
    },
    "christoffel": {
      "gravica": 0.0004382740007713437,
      "einsteinpy": 0.00920251599745825,
      "speedup": 20.99717524028852
    },
    "riemann": {
      "gravica": 0.0010973740136250854,
      "einsteinpy": 0.15190854700631462,
      "speedup": 138.42914550573067
    },
    "ricci": {
      "gravica": 5.014901398681104e-05,
      "einsteinpy": 0.0018301829986739904,
      "speedup": 36.494894977502845
    },
    "ricci_scalar": {
      "gravica": 7.1829999797046185e-06,
      "einsteinpy": 0.012559216003865004,
      "speedup": 1748.4638785118677
    },
    "einstein": {
      "gravica": 3.817200195044279e-05,
      "einsteinpy": 0.1676000709994696,
      "speedup": 4390.6544701810035
    },
    "weyl": {
      "gravica": 0.003568158979760483,
      "einsteinpy": null,
      "speedup": null
    }
  },
  "flrw": {
    "metric_inverse": {
      "gravica": 0.0003086930082645267,
      "einsteinpy": 9.296700591221452e-05,
      "speedup": 0.3011633027740906
    },
    "christoffel": {
      "gravica": 0.0005149100034032017,
      "einsteinpy": 0.011186043993802741,
      "speedup": 21.72427010520415
    },
    "riemann": {
      "gravica": 0.001168640999821946,
      "einsteinpy": 0.16317385801812634,
      "speedup": 139.6270180859541
    },
    "ricci": {
      "gravica": 0.00012251100270077586,
      "einsteinpy": 0.03226534801069647,
      "speedup": 263.3669409228673
    },
    "ricci_scalar": {
      "gravica": 8.906901348382235e-05,
      "einsteinpy": 0.04484312600106932,
      "speedup": 503.4649452945182
    },
    "einstein": {
      "gravica": 0.00024885800667107105,
      "einsteinpy": 0.24284440898918547,
      "speedup": 975.8352252261102
    },
    "weyl": {
      "gravica": 0.0045006579894106835,
      "einsteinpy": null,
      "speedup": null
    }
  }
}